The paper presents a new approach to automatic language learning based on natural language processing techniques.,This sentence is essentially the same as sentence 1 with slightly different phrasing.,This sentence is essentially the same as sentence 1 with slightly different phrasing.,This sentence is stated in the text.,"While the approach involves natural language processing techniques and the use of morphological processing and corpora analysis, the sentence adds the claim that the approach uses these techniques to support 'intelligent computer-assisted language learning', which is not mentioned in the text.",This sentence is restated in sentence 4.,"There is no 'Section 1, 1-3' mentioned in the text and it is unclear what 'provide the information provided by the user' means.","Although the approach does use a dictionary for morphological information, the sentence adds that the information is then used 'to generate a dictionary for reading', which is not stated in the text.","While the approach does use a bilingual dictionary, it is not specified that it is English/Bulgarian and the sentence adds that the information is for 'reading', which is not mentioned in the text.",The text mentions the demonstrators running on both UNIX and Windows '95.,"While the approach is evaluated on both UNIX and Windows 95, the sentence adds the vague claim that the evaluation is 'tested,' which is not clearly stated in the text.",This sentence is stated in the text.,This sentence is stated in the text.,This sentence is stated in the text.,This sentence is the same as sentence 14.,This sentence is stated in the text.,This sentence is essentially the same as sentences 10 and 11 with slightly different phrasing.,This sentence is mentioned in the text; these are some of the core modules used in the approach.,This sentence is stated in the text.,"While the approach is for language learning, the sentence adds that it is for 'linguistic processing', which is not mentioned in the text.","This sentence is similar to sentences 1, 2, and 3.",This sentence is essentially the same as sentence 4.,"While these modules are used, the approach also involves corpus search, and the sentence does not provide that information.",This sentence is stated in the text.,"There is no 'Section 1, 1-3' mentioned in the text and it is unclear what 'provide the information provided by the user' means.",This sentence is essentially the same as sentences 10 and 11.,"While the approach does use a bilingual dictionary, it is not specified that it is English/Bulgarian and the sentence adds that the information is for 'reading', which is not mentioned in the text.",This sentence is mentioned in the text; these are the resulting demonstrators of the approach that run on UNIX and Windows '95.,This sentence is stated in the text.,This sentence is mentioned in the text; this is how the dictionary is searched to extract morphological information.,"While the approach is demonstrated on multiple languages, the sentence adds English twice, and it is unclear how many demonstrators there are for each language.",This sentence is essentially the same as sentence 10 and 11.,This sentence is stated in the text.,This sentence is stated in the text.,This sentence is mentioned in the text; it describes one of the methods used in the approach.
sentence is stated in the text,sentence is stated in the text,sentence is stated in the text,sentence is stated in the text,sentence is stated in the text,sentence is stated in the text,there is no reference to 'probability weighted Horn clauses',sentence is stated in the text,there is no reference to a specific heuristic for sluice classification,sentence is stated in the text,sentence is stated in the text,sentence is stated in the text,sentence is stated in the text,there is no reference to 'lexical sluices',there is no reference to 'gaussian sluices' or 'bounded sluices',there is no reference to a 'rule-based learning algorithm',there is no specific reference to the 'two algorithms',sentence is stated in the text,sentence is stated in the text,sentence is stated in the text,sentence is stated in the text,sentence is stated in the text,sentence is stated in the text,sentence is stated in the text,sentence is stated in the text,sentence is stated in the text,sentence is stated in the text,sentence is stated in the text,sentence is stated in the text,there is no reference to 'recursive sluices',there is no specific mention of the type of sluices that are closely identified with Horn clause principles,"there is no mention of 'gaussian sluices', 'bounded sluices' or 'training set'",sentence is stated in the text
"The sentence explicitly states the introduction of a new metric for evaluating word similarity, called relative feature focus (RFF).",The sentence explicitly states that a new metric for evaluating word similarity is being proposed.,The sentence explicitly states that a new metric for evaluating word similarity measures is being proposed.,The sentence explicitly states that the new metric is based on the notion of entailment between two words.,The sentence explicitly states that the new metric is based on the relative feature focus (RFF) and is independent of any particular vector similarity measure.,"The sentence explicitly states that the new metric is based on the notion of entailment, which is a general notion of semantic similarity.",The sentence explicitly states that the new metric measures the similarity between two words by comparing the features of the two words.,The sentence explicitly states that the new metric aims to improve the quality of feature vectors by a novel feature weighting function called relative feature focus (RFF).,The sentence explicitly states that the authors propose a new criterion for evaluating word similarities based on the relative feature focus (RFF).,"The sentence explicitly states that the RFF is a new measure for feature vector quality, which is independent of any particular vector similarity measure.",The sentence explicitly states that the metric improves the performance of word similarity measures by a significant margin.,The sentence explicitly states that the authors show that the metric is able to improve the performance of word similarity measures by a significant margin.,"The sentence does not appear to describe a feature weighting function called relative feature focal (RFF), as it states an incorrect name.",The sentence does not explicitly state that the metric aims to improve word similarity by identifying the most important errors in the output of word similarity metrics.,The sentence explicitly states that the authors show that the resulting metric can be used to improve the performance in a number of applications.,The sentence does not explicitly describe a feature weighting function called relative feature attention (RFF).,The sentence explicitly states that the quality of the RFF is evaluated by comparing the similarity scores of two words in the same sentence.,The sentence explicitly states that the quality of the metric is correlated with the quality of the feature vectors.,The sentence explicitly states that the authors present a new metric for evaluating the quality of word similarity measures.,The sentence explicitly states that the paper proposes a new metric for semantic-oriented NLP applications.,The sentence explicitly states that a new metric for evaluating word similarity measures is being proposed.,The sentence explicitly states that the new metric is based on the relative feature focus (RFF) and is independent of any particular vector similarity measure.,The sentence explicitly states that the new metric is based on the relative feature focus (RFF) and is independent of any particular vector similarity measure.,"The sentence explicitly states that the new metric is based on the notion of entailment, which is a general notion of semantic similarity.",The sentence explicitly states that the metric aims to improve the quality of feature vectors by a novel feature weighting function called relative feature focus (RFF).,The sentence explicitly states that the metric aims to improve the quality of feature vectors by a novel feature weighting function called relative feature focus (RFF).,The sentence explicitly states that the authors propose a new criterion for evaluating word similarities based on the relative feature focus (RFF).,The sentence is unclear as it mentions improvement of the metric by itself.,The sentence is unclear as it mentions improvement of the metric by itself.,The sentence explicitly states that the authors show that the metric is able to improve the performance of word similarity measures by a significant margin.,The sentence explicitly states that the authors propose a new criterion for evaluating the entailment relationship between words.,The sentence does not explicitly state that the metric aims to improve performance of NLP applications.,The sentence explicitly states that the authors show that the resulting metric can be used to improve the performance in a number of applications.
The first sentence states that the paper is about a novel framework for machine transliteration.,The second sentence is identical to the first sentence.,The third sentence states that the paper proposes a new phoneme-based approach for machine transliteration.,The fourth sentence states that the new framework carries out the transliteration by direct orthographical mapping (DOM) without any intermediate phonemic mapping.,The fifth sentence is identical to the fourth sentence.,The sixth sentence states that the proposed method combines the phoneme-based method with a joint source-target phoneme-based model to model the source-target phonemic association.,"The seventh sentence states that under this framework, the paper further proposes a joint source-channel transliteration mode.",The eighth sentence is identical to the seventh sentence.,The ninth sentence states that the proposed method is evaluated on English/Chinese and Japanese/English pairs.,"The tenth sentence is not stated in the text, and the claim is untrue as some language pairs were not experimented with.","The eleventh sentence is not stated in the text, and the claim is also untrue as some language pairs were not experimented with.",The twelfth sentence statess that the results show that the proposed method outperforms other state-of-the-art methods.,"The thirteenth sentence is not stated in the text, although a comparison experiment is mentioned.","The fourteenth sentence is not stated in the text, although a comparison experiment is mentioned.",The fifteenth sentence states that the results show that the proposed method outperforms other previous methods significantly.,The sixteenth sentence is identical to the fifteenth sentence.,"The seventeenth sentence states that the paper proposes a method for transliteration that combines phoneme-based, phonetic-based, and phoneme-based approaches.","The eighteenth sentence is not stated in the text, the proposed method is not a back-transliteration method.",The nineteenth sentence is identical to the first sentence.,The twentieth sentence is identical to the first sentence.,The twenty-first sentence states that the paper proposes a new phoneme-based approach for machine transliteration.,The twenty-second sentence states that the new framework carries out the transliteration by direct orthographical mapping (DOM) without any intermediate phonemic mapping.,The twenty-third sentence is identical to the twenty-second sentence.,The twenty-fourth sentence states that the proposed method combines the phoneme-based method with a joint source-target phoneme-based model to model the source-target phonemic association.,"The twenty-fifth sentence states that under this framework, the paper further proposes a joint source-channel transliteration mode (n-gram TM) as an alternative machine learning-based approach to model the source-target word orthographic association.",The twenty-sixth sentence is the same as the twenty-fifth sentence.,The twenty-seventh sentence states that the proposed method is evaluated on English/Chinese and Japanese/English pairs.,The twenty-eighth sentence is identical to the seventh and eighth sentences.,The twenty-ninth sentence is identical to the twenty-eighth sentence.,The thirtieth sentence states that the results show that the proposed method outperforms other state-of-the-art methods.,"The thirty-first sentence is not stated in the text, although a comparison experiment is mentioned.","The thirty-second sentence is not stated in the text, although a comparison experiment is mentioned.",The thirty-third sentence states that the results show that the proposed method outperforms other previous methods significantly.,The thirty-fourth sentence is identical to the thirty-third sentence.,"The thirty-fifth sentence states that a method was proposed that combines phoneme-based, phonetic-based, and phoneme-based approaches.",The thirty-sixth sentence is the same as the thirty-fifth sentence.
The sentence is stated verbatim.,The sentence is stated verbatim.,The sentence is stated verbatim.,The sentence is closely paraphrased in the text.,The sentence is closely paraphrased in the text.,"The model is based on the notion of 'productivity and a semantic hierarchy', but the reference to the input of a neural network is not found.","Although the interpretation of nominal compounds is discussed, the claim about information retrieval in an open-domain system is not made in the text.","While the first part of the sentence discusses the interpretation of nominal compounds, the second part of the sentence talks about proposing how the general model might be applied to the interpretation of compounds in texts, which is slightly different in meaning from the sentence in the text.",The sentence is stated verbatim.,The sentence is stated verbatim.,The sentence is closely paraphrased in the text.,The sentence is closely paraphrased in the text.,The sentence is closely paraphrased in the text.,The sentence is stated verbatim.,The reference to `root nominals` is not found in the text.,The sentence is stated verbatim.,The sentence is stated verbatim.,The sentence is stated verbatim.,The sentence is closely paraphrased in the text.,The sentence is a duplicate of Sentence 19.,"The text describes the notion of `productivity` and `semantic hierarchy`, but the reference to neural networks is not found.","Though the text describes the interpretation of nominal compounds, it does not mention anything about how the general model can be applied to the interpretation of compounds in the text.",The text describes how the interpretation of nominal compounds may be applied to text interpretation but does not mention anything about open-domain systems.,The sentence is stated verbatim.,The text does not make this claim about enriching im formation retrieval in an open-domain system.,The sentence is closely paraphrased in the text.,The sentence is closely paraphrased in the text.,The text does not describe 'a hierarchical hierarchy of nouns and constituents.,The sentence is stated verbatim.
The sentence is taken directly from the text.,The sentence is taken directly from the text.,The sentence is a paraphrased version of the first sentence in the text.,The sentence is consistent with the information given in the text.,The sentence is not mentioned in the text.,The sentence is consistent with the information given in the text about the classifiers proposed.,The sentence is consistent with the information given in the text.,The sentence is consistent with the information given in the text.,The sentence is a paraphrased version of the information given in the text.,The sentence is consistent with the information given in the text.,The sentence is consistent with the information given in the text.,The sentence is consistent with the information given in the text.,The sentence is consistent with the information given in the text.,The sentence is consistent with the information given in the text.,The sentence is taken directly from the text.,The sentence is taken directly from the text.,The sentence is a paraphrased version of the first sentence in the text.,"Although the sentence mentions a classifier for multi-modal information, it is not mentioned in the text.","The sentence is not accurate because it mentions a prediction task, but the paper discusses addressee identification and not prediction.",The sentence is consistent with the information given in the text.,The sentence is consistent with the information given in the text.,The sentence is consistent with the information given in the text.,The sentence is a paraphrased version of the information given in the text,"Although the sentence mentions a Naive Bayesian classifier, the paper only discusses its use for comparison with Bayesian network classifier, and does not indicate the use to identify unadjusted participants.",The sentence is consistent with the information given in the text.,The sentence is consistent with the information given in the text.,The sentence is consistent with the information given in the text.
The text describes a method for identifying important sentences by determining their most likely argumentative role.,The text describes a method for identifying important sentences by determining their most likely argumentative role.,The text proposes a new method for identifying important sentences in a text.,The text states that a corpus of scientific articles is being used to generate a set of sentences characterized by their most likely argumentative role.,The text states that a corpus of scientific articles is being used to generate a set of sentences characterized by their most likely argumentative role.,The text mentions that the method is based on the idea that rhetorical relations are global to the argumentation of the paper.,No information about generating a summary of scientific articles is provided in the text.,No information about generating a summary of scientific articles is provided in the text.,"The text describes a method for generating a corpus, not the result of using said corpus.",The text mentions that linguistic relations are used for determining the argumentative roles in the paper.,The text mentions that linguistic relations are used for determining the argumentative roles in the paper.,The text describes the use of a corpus to generate a summary of the paper.,The text mentions that lexical information is used to determine the most probable argumentative role in the paper.,The text mentions that lexical information is used to evaluate the annotation scheme's reliability.,"The text mentions supervised learning in relation to evaluating reliability, not to actually performing the method of generating argumentative roles.",The text presents a new method for automatically generating a summary of a scientific paper.,The text presents a new method for automatically generating a summary of a scientific paper.,The text proposes a new method for identifying important sentences in a text.,The text mentions that the method is based on a corpus of scientific articles that are annotated with information about the argumentative role of each sentence.,The text mentions that the method is based on a corpus of scientific articles that are annotated with information about the argumentative role of each sentence.,The text mentions that the argumentative roles are global to the argumentation of the paper.,The text mentions that the annotation scheme is based on the notion of rhetorical relations as defined by Rhetorical Structure Theory (RST).,The text mentions that the annotation scheme is based on the notion of rhetorical relations as defined by Rhetorical Structure Theory (RST).,"The text describes the generation of a corpus, not its use for summarization.","The text mentions the testing of the annotation scheme on a range of text types, not using the scheme for summarization.","The text mentions the testing of the annotation scheme on a range of text types, not using the scheme for summarization.",The text describes using the corpus to generate a summary of the paper.,The text does not mention using a summary to generate a summary of the paper.,The text describes using the annotation scheme to generate a summary of scientific articles in a range of fields.,The text mentions the use of linguistic techniques to evaluate the annotation scheme's reliability.,The text describes using the corpus to generate a summary of scientific articles.,The text mentions the use of lexical information to evaluate the annotation of a sentence.
The first sentence explicitly states that they are presenting a new corpus of bilingual text pairs.,The second sentence is just a rephrased version of the first sentence with minor changes. ,"This sentence is not stated in the text. Though the authors describe their new corpus as a resource for mining bilingual text from the web, they do not explicitly say that they are presenting a new resource.",This sentence is stated in the text. The authors extract the paired bilingual text using the bilingual laws information system (BLIS) and use it to extract the content texts.,The text mentions using HK-SAR for alignment results but doesn't say that the bilingual text pairs are extracted from the Web. The text only says that they use BLIS to extract bilingual text pairs from the web.,"This sentence is stated in the text, except for the part about the corpus being of HK-Laws.",This sentence is stated in the text. The authors use the bilingual laws information system to extract text structures from the web and align them using consistent intrinsic features.,This sentence is stated in the text. The authors mention they align bilingual text with text structure.,The text mentions the use of sub-paragraph alignment but does not explicitly state anything about the BLIS corpus being extracted to create the resource.,This sentence is mentioned in the text. The authors use XML schema to encode alignment results and illustrate the display mode.,The text mentions the comparison of alignment results with HK-BLIS but not to the HKSAR.,"This sentence is a rephrased version of sentence number 11, which is mentioned in the text.",The authors explicitly mention the use of BLIS to extract bilingual text pairs from the web.,"Although there is mention of bilingual text pairs being extracted from the web, it is not explicitly stated that the HK-SAR is a bilingual lexicon obtained through this process.",This sentence is mentioned in the text. The authors mention that their resource is useful for a variety of applications.,The text doesn't mention HK-SAR as a bilingual lexicon of the laws of Hong Kong. It talks about comparing the alignment results with HK-SAR.,"Although the text mentions HK as a bilingual corpus of the laws of Hong Kong, it doesn't mention anything about the numbering system or alignment being performed.",This sentence is stated in the text. The authors describe the HK laws as being subparagraph-aligned.,This sentence is stated in the text. The authors refer to their text resource as being a bilingual corpus of the law of Hong Kong.,This sentence is factual information that is not related to the text and is generally true for any study of parallel or bilingual corpora. It is not relevant to the text.,"This sentence is stated in the text. It summarizes what the authors are presenting, which is a bilingual corpus of subparagraph-aligned laws of Hong Kong.","This sentence mentions the authors presenting a new resource for mining bilingual text from the Web. This new resource is the bilingual corpus of subparagraph-aligned laws of Hong Kong, mentioned at the beginning of the paper.",This sentence is stated in the text. The authors propose a new bilingual text alignment system based on the BLIS.,"This sentence is stated in the text. The authors explain the bilingual texts in Section 2, with an emphasis on HK's legislation text hierarchy and its numbering system that can be utilized for text alignment to subparagraph level.","This sentence is a rephrased version of sentence number 6, which is mentioned earlier in the text.",This sentence is mentioned in the text. The authors use the BLIS to extract bilingual text from the web and extract the content texts.,This sentence is mentioned in the text. The bilingual texts are characterized by consistent intrinsic features in the Web pages and content texts.,This sentence is stated in the text. The resource is extracted from the BLIS and a sub-paragraph alignment is performed.,"Although the authors perform a sub-paragraph alignment, at no point do they mention 'BLI' in the text.",This sentence is a slightly rephrased version of sentence number 26.,This sentence is mentioned in the text. The authors compare their alignment results to BLIS and HK-SAR.,This sentence is mentioned in the text. The authors use XML schema to encode the alignment results and illustrate the display mode for browsing the aligned bilingual corpus.,This sentence is a mildly rephrased version of sentence number 32.,This sentence is mentioned in the text. The authors show that their resource is useful for a variety of applications.,This sentence is mentioned in the text. The authors use the BLIS for extracting the bilingual text from the Web and align the text structure in terms of the numbering system.
The sentence is an extract of the first sentence of the text,The sentence is an extract of the first sentence of the text,The sentence is similar to the first sentence of the text,The sentence is an extract of a sentence in the text,The sentence is an extract of a sentence in the text,The sentence is an extract of a sentence in the text,The sentence is similar to a sentence in the text.,The sentence is an extract of a sentence in the text.,The sentence is an extract of a sentence in the text.,The sentence is similar to a sentence in the text.,The sentence is an extract of a sentence in the text.,No such information is provided in the text.,The sentence is an extract of a sentence in the text.,The sentence is similar to a sentence in the text.,The sentence is an extract of the first sentence of the text.,The sentence is similar to a sentence in the text.,The sentence is an extract of the first sentence of the text.,The sentence is similar to a sentence in the text.,The sentence is an extract of a sentence in the text.,The sentence is an extract of a sentence in the text.,The sentence is overstating the approach taken in the text.,The sentence is an extract of a sentence in the text.,The sentence is an extract of a sentence in the text.,The sentence is an extract of a sentence in the text.,The sentence is an extract of a sentence in the text.,The sentence is an extract of a sentence in the text.,The sentence is an extract of a sentence in the text.,The sentence is similar to a sentence in the text.
The sentence is taken directly from the text.,The sentence is taken directly from the text.,The sentence says 'proposes' but the text says 'presents'.,The sentence is taken directly from the text.,The sentence is taken directly from the text.,"The sentence is a paraphrase of a phrase in the text: 'combining the syntactic, syntactic and semantic features'.",The sentence is taken directly from the text.,The sentence is taken directly from the text.,The sentence says 'convolution tree kernel and entity features' while the text says 'convolution tree kernel plus entity features'.,The sentence says 'tree-level features and dependency tree features' while the text says 'tree-level information and dependency tree kernel'.,The sentence is taken directly from the text.,The sentence says 'conv tree kernel and entity feature' while the text says 'convolution tree kernel plus entity features'.,The sentence says 'tree-level features and dependency tree features' while the text says 'tree-level information and dependency tree kernel'.,The sentence is taken directly from the text.,The sentence says 'conc tree kernel and entity tree kernel' which is not mentioned in the text.,The sentence says 'dependent tree kernel' twice while the text states 'convolution tree kernel and dependency tree kernel'.,The sentence is a paraphrase of a phrase in the text: 'slightly better performance than previous best-reported features'.,The sentence says 'dependency tree tree kernel' which is not mentioned in the text.
The sentence is taken verbatim from the first sentence of the paper.,The sentence is taken verbatim from the second sentence of the paper.,The sentence is a paraphrase of the second sentence of the paper ('proposes a model of grounding using both verbal and nonverbal information.'),"While the sentence discusses the model's observation of the listener's behavior and attention, it misstates what that behavior and attention is, making it not entailed by the text.","The sentence accurately reflects what the text says ('the listener is actively listening to the signal of grounding, and that the listener's attention is conditioned on the task.')","While the sentence reflects a discussion of collaboration and understanding, it misstates what the model is based on, making it not entailed by the text.","The sentence accurately reflects what the text says ('The model is evaluated on a set of human face-to-face datasets, and compared to a baseline model of grounding using both verbal and nonverbal information.').","The sentence includes information not stated in the text (e.g. comparison with an embodied conversational agent), making it not entailed by the text.",The sentence is taken verbatim from the text.,The sentence accurately reflects what the text says ('We show that the model of grounding is able to establish common grounding using both visual and verbal information.').,The sentence includes information not stated in the text (e.g. comparison with an embodied humanoid and a user observing with an embodied conversational agent).,The sentence is taken verbatim from the first sentence of the paper.,The sentence is taken verbatim from the second sentence of the paper.,The sentence accurately reflects the content ('This paper proposes a model of grounding that uses both verbal and nonverbal information to ground...').,"The sentence discusses information that the 'model' is based on, but misstates what that information is, that 'the listener is actively observing the listener's behavior,' instead of 'the listener is actively observing the speaker's behavior,' contrasted with inanimate objects, meaning it is not entailed by the text.","The sentence accurately reflects the content ('The model is based on the observation that the listener is actively listening to the signal of grounding, and that the listener's attention is conditioned on the task.').","The sentence includes discussion of collaboration and understanding, but does not accurately reflect the 'model' section of the text, so it is not entailed.","The sentence includes information not present in the text (the inclusion of multiple datasets), meaning it is not entailed by the paper.","The sentence accurately reflects what the text states in the abstract ('We evaluate the proposed model on human face-to-face interaction data... compared with a baseline model from prior work, an embodied conversational agent.').",The sentence accurately reflects what the text says ('the model can be applied to embodied humanoids that can engage in human conversational protocols.').,"This sentence includes discussion of dialogue management and application to embodied humanoids but misstates the text, which does not mention adapting dialogue management, meaning it is not entailed.","The sentence offers additional information not in the text (e.g. comparison against a user observing with an embodied humanoid), so it is not entailed."
The sentence is stated as an introductory statement.,The sentence is stated as an introductory statement.,The sentence is stated as an introductory statement.,The sentence is stated in the text and provides information on how topic signatures are built using Chinese-English and English-Chinese bilingual lexicons and a large amount of Chinese text.,The sentence is stated in the text and provides information on how topic signatures are built using Chinese-English and English-Chinese bilingual lexicons and a large amount of Chinese text.,"The sentence is stated in the text, explaining the paradigm used to generate topic signatures.","The sentence is stated in the text, explaining that topic signatures are potentially good training data for WSD algorithms and a task was set up to disambiguate 6 words using a WSD algorithm similar to Schütze's 1998 context-group discrimination.","The sentence is similar to sentence 6, to which the answer is 1.",The sentence is stated in the text and provides information on how the method was evaluated on a set of WSD tasks.,The sentence is stated in the text as a result of the evaluation of the method.,"The sentence is stated in the text, explaining the WSD task that was set up.",The sentence is stated in the text as a result of the evaluation of the method.,"The sentence is stated in the text, explaining that a cross-language model was used to generate topic signatures.",The sentence is stated as an introductory statement.,The sentence is stated as an introductory statement.,The sentence is stated as an introductory statement.,The sentence is stated in the text and provides information on how topic signatures are built using Chinese-English and English-Chinese bilingual lexicons and a large amount of Chinese text.,The sentence is stated in the text and provides information on how topic signatures are built using Chinese-English and English-Chinese bilingual lexicons and a large amount of Chinese text.,"The sentence is stated in the text, explaining the paradigm used to generate topic signatures.","The sentence is stated in the text, explaining that topic signatures are potentially good training data for WSD algorithms and a task was set up to disambiguate 6 words using a WSD algorithm similar to Schütze's 1998 context-group discrimination.","The sentence is stated in the text, explaining that topic signatures are potentially good training data for WSD algorithms and a task was set up to disambiguate 6 words using a WSD algorithm similar to Schütze's 1998 context-group discrimination.",The sentence is stated in the text and provides information on how the method was evaluated on a set of WSD tasks.,The sentence is stated in the text as a result of the evaluation of the method.,The sentence is stated in the text as a result of the evaluation of the method.,The sentence describes the paper but doesn't provide any specific information whether the acquisition process of the method was discussed in the text.,"The sentence is stated in the text, explaining that a cross-lingual paradigm was used to generate topic signatures.","The sentence is stated in the text, providing information on how Chinese monolingual text was used to generate topic signatures.","The sentence is similar to sentence 19, to which the answer is 1.","The sentence is stated in the text, explaining that Chinese bilingual text was used to generate topic signatures."
The sentence is a verbatim restatement of the first sentence in the text.,The sentence is a verbatim restatement of the first sentence in the text.,The sentence is a paraphrase of the first sentence in the text.,"The sentence mentions the use of treebank transformations, which is explicitly stated in the text.","The sentence mentions the use of treebank transformations, which is explicitly stated in the text.","The sentence talks about treebank transformation being based on a grammatical function of the underlying word order, but the text does not mention anything about 'underlying word order'. Instead, it talks about extracting information based on existing grammatical functions.","The sentence summarizes the results of an experiment that appears in the text. Specifically, the authors find that suffix analaysis synergizes with the treebank transformations they used.","The sentence summarizes the results of an experiment that appears in the text. Specifically, the authors find that suffix analysis synergizes with the treebank transformations they used.","The sentence is a paraphrase of a claim made by the authors in the text. Specifically, they claim that their parser achieves state-of-the-art results in the task of German parsing.",The sentence is a paraphrase of the first sentence in the text.,The sentence is a verbatim restatement of an earlier sentence in the text.,"The sentence is a restatement of a point made by the authors in the text. Specifically, they compare their unlexicalized model with existing ones.",The sentence appears unrelated to the contents of the text.,"The sentence is a restatement of a point made by the authors in the text. Specifically, they use treebank transformations to extract information.","The sentence appears to contradict the contents of the text, since 'derived parser' and 'derived parses' are not mentioned in the text.",The sentence is a restatement of the first sentence in the text.,The sentence is a restatement of the first sentence in the text.,The sentence is a close paraphrase of the first sentence in the text.,"The sentence mentions the use of treebank transformations, which is explicitly stated in the text.","The sentence mentions the use of treebank transformations, which is explicitly stated in the text.","The sentence is related to treebank transformations, but introduces the concept of 'underlying word order' which is not mentioned in the text. Instead, the text talks about extracting information from dependencies within the treebank.","The sentence summarizes an experiment that appears in the text. Specifically, the authors find that suffix analysis combined with the treebank transformations improves performance.","The sentence summarizes an experiment that appears in the text. Specifically, the authors find that suffix analysis combined with the treebank transformations improves performance.","The sentence is a close paraphrase of a claim made by the authors in the text. Specifically, they claim that their parser achieves state-of-the-art results in the task of German parsing.",The sentence is a paraphrase of the first sentence in the text.,The sentence is a close paraphrase of the first sentence in the text.,"The sentence is a restatement of a point made by the authors in the text. Specifically, they compare their unlexicalized model with other comparable models in the literature.","The sentence talks about 'dependency function', which is not mentioned in the text. Also, the text does not make any explicit claim about 'extracting grammatical function from the input text'.","The sentence is a restatement of a point made by the authors in the text. Specifically, they use treebank transformations to extract information.","The sentence appears to contradict the contents of the text, since 'derived parser' and 'derived parses' are not mentioned in the text."
The sentence can be directly matched with information in the text.,The sentence can be directly matched with information in the text.,The sentence can be directly matched with information in the text.,The sentence can be directly matched with information in the text.,The sentence can be directly matched with information in the text.,The sentence can be directly matched with information in the text.,The sentence can be directly matched with information in the text.,The sentence can be directly matched with information in the text.,The sentence can be directly matched with information in the text.,The sentence can be directly matched with information in the text.,The sentence can be directly matched with information in the text.,The sentence can be directly matched with information in the text.,The sentence can be directly matched with information in the text.,The sentence can be directly matched with information in the text.,The sentence can be directly matched with information in the text.,The sentence can be directly matched with information in the text.,The sentence can be directly matched with information in the text.,The sentence can be directly matched with information in the text.,The text does not provide information about the use of small amounts of prior knowledge to improve the learned model.,The sentence can be directly matched with information in the text.,The text does not provide information about small amounts of prior knowledge being used to greatly improve the learned model.,The sentence can be directly matched with information in the text.,The sentence can be directly matched with information in the text.,"The sentence mentions the proposal of a novel unsupervised learning method for field segmentation based on a supervised learning approach, whereas the text proposes a method based on a hidden Markov model.",The sentence reflects information provided in the text.,"The sentence mentions the use of a supervised HMM to learn a supervised model, whereas the text proposes an unsupervised method based on a hidden Markov model."
The sentence is directly quoted from the text.,The sentence is directly quoted from the text.,The sentence is directly quoted from the text.,The sentence is directly quoted from the text.,The sentence is directly quoted from the text.,The sentence is directly quoted from the text.,"The sentence contains information that is not in the text. The training method mentioned is a decision tree classifier, but there is no mention of supervised learning of transition probabilities.",The sentence contains information that is not in the text. There is no mention of an N-gram language model in the text.,The sentence is directly quoted from the text.,The sentence is directly quoted from the text.,The sentence contains information not in the text. The text does not mention summarization and the model is not evaluated on a tagging task.,The sentence is directly quoted from the text.,The sentence contains information not in the text. The text does not mention a 'maximum entangled' generative model.,The sentence is directly quoted from the text.,The sentence is directly quoted from the text.,The sentence is directly quoted from the text.,The sentence is directly quoted from the text.,The sentence is directly quoted from the text.,The sentence is directly quoted from the text.,The sentence is directly quoted from the text.,The sentence is directly quoted from the text.,The sentence contains information not in the text. There is no mention of a 'tying' task.,The sentence is directly quoted from the text.,The sentence is directly quoted from the text.,The sentence contains information not in the text. There is no mention of a dataset containing 'a large number tagged sentences.',The sentence contains information not in the text. There is no mention of a 'digit graph dataset.',The sentence is directly quoted from the text.,The sentence is directly quoted from the text.,The sentence is directly quoted from the text.,The sentence contains a grammatical error and does not make sense. There is no mention of detecting a sentence in a 'sentence.'
